IDfg,Name,Age,Team,Position,fantasy_points_pred,projected_fantasy_points,final_projection,initial_rank,position_group,position_rank,replacement_value,z_score_value,vorp,relative_value,pos_adjustment,overall_ranking
18345.0,Kyle Tucker,28.0,,DH,1443.36767578125,1439.0,1442.0573608398438,2.0,IF,1,979.8640258789062,3714.532275867695,462.1933349609376,2088.3628054143164,1.0,5
13510.0,Jose Ramirez,32.0,CLE,3B,1402.8521728515625,1495.0,1430.4965209960938,3.0,IF,2,979.8640258789062,3568.2735005844957,450.63249511718755,2009.4529978508417,1.0,6
25764.0,Bobby Witt Jr.,25.0,KC,SS,1323.886474609375,1540.0,1388.7205200195312,4.0,IF,3,979.8640258789062,3055.4497569279442,408.85649414062505,1732.1531255342848,1.0,8
19611.0,Vladimir Guerrero Jr.,26.0,TOR,1B,1287.720703125,1486.0,1347.2044799804687,5.0,IF,4,979.8640258789062,2570.17248191128,367.3404541015625,1468.7564680064213,1.0,11
14344.0,Matt Olson,31.0,ATL,1B,1323.3179931640625,1376.0,1339.1225708007812,6.0,IF,5,979.8640258789062,2478.5270350760165,359.258544921875,1418.8927899989458,1.0,12
13613.0,Ketel Marte,31.0,ARI,2B,1332.2132568359375,1354.0,1338.7492553710938,7.0,IF,6,979.8640258789062,2474.3160271344027,358.8852294921876,1416.6006283132951,1.0,14
12916.0,Francisco Lindor,31.0,NYM,SS,1299.849365234375,1391.0,1327.19453125,8.0,IF,7,979.8640258789062,2344.949172422091,347.33050537109375,1346.1398388965924,1.0,15
11579.0,Bryce Harper,32.0,PHI,1B,1281.357421875,1415.0,1321.4501953125,9.0,IF,8,979.8640258789062,2281.3354067362093,341.5861694335938,1311.4607880849017,1.0,16
26289.0,Gunnar Henderson,24.0,BAL,SS,1255.720703125,1446.0,1312.8044555664062,10.0,IF,9,979.8640258789062,2186.467268310494,332.9404296875,1259.703848998997,1.0,17
17350.0,Rafael Devers,28.0,SF,1B,1273.027587890625,1374.0,1303.3193237304688,11.0,IF,10,979.8640258789062,2083.5998889271345,323.4552978515626,1203.5275933893486,1.0,18
11493.0,Manny Machado,32.0,SD,3B,1298.2249755859375,1312.0,1302.3574462890624,12.0,IF,11,979.8640258789062,2073.2389899981313,322.4934204101562,1197.8662052041436,1.0,19
28163.0,Junior Caminero,21.0,TB,3B,1257.3131103515625,1363.0,1289.019140625,13.0,IF,12,979.8640258789062,1930.9083644901855,309.1551147460939,1120.0317396181397,1.0,22
26668.0,Elly De La Cruz,23.0,CIN,SS,1187.07373046875,1440.0,1262.9515991210938,14.0,IF,13,979.8640258789062,1659.9813250476807,283.08757324218755,971.5344491449341,1.0,26
13611.0,Mookie Betts,32.0,LAD,SS,1221.730712890625,1290.0,1242.2114868164062,15.0,IF,14,979.8640258789062,1451.2612790705452,262.34746093750005,856.8043700040226,1.0,28
5361.0,Freddie Freeman,35.0,LAD,1B,1196.3665771484375,1345.0,1240.9566040039062,16.0,IF,15,979.8640258789062,1438.8270515550928,261.09257812500005,849.9598148400464,1.0,29
,Munetaka Murakami,,CWS,1B,1222.0,1222.0,1221.9999633789062,17.0,IF,16,979.8640258789062,1253.69041216363,242.13593749999995,747.913174831815,1.0,39
20503.0,William Contreras,27.0,MIL,C,1221.227783203125,1201.0,1215.1594360351562,18.0,IF,17,979.8640258789062,1188.1265242784032,235.29541015625,711.7109672173266,1.0,42
16252.0,Trea Turner,32.0,PHI,SS,1173.3485107421875,1280.0,1205.3439331054688,19.0,IF,18,979.8640258789062,1095.2000963632674,225.47990722656255,660.340001794915,1.0,48
19251.0,Pete Alonso,30.0,BAL,1B,1121.3614501953125,1396.0,1203.7530029296875,20.0,IF,19,979.8640258789062,1080.2660771587389,223.88897705078125,652.0775271047601,1.0,52
19612.0,Bo Bichette,27.0,,DH,1175.9447021484375,1247.0,1197.2612548828124,21.0,IF,20,979.8640258789062,1019.6977762612198,217.3972290039062,618.547502632563,1.0,56
18839.0,Josh Naylor,28.0,SEA,1B,1186.7828369140625,1206.0,1192.5479858398437,22.0,IF,21,979.8640258789062,976.0947351751454,212.6839599609375,594.3893475680414,1.0,57
21534.0,Cal Raleigh,28.0,SEA,C,1102.5517578125,1375.0,1184.2861938476562,23.0,IF,22,979.8640258789062,900.4188835292293,204.42216796875005,552.4205257489897,1.0,62
15986.0,Willy Adames,29.0,SF,SS,1127.622802734375,1299.0,1179.0359375,24.0,IF,23,979.8640258789062,852.8275713525287,199.17191162109384,525.9997414868112,1.0,64
16578.0,Yandy Diaz,33.0,TB,1B,1128.1241455078125,1256.0,1166.4868896484375,25.0,IF,24,979.8640258789062,740.6490726306698,186.62286376953125,463.63596820010054,1.0,68
35110.0,Nick Kurtz,22.0,ATH,1B,1093.15185546875,1322.0,1161.806298828125,26.0,IF,25,979.8640258789062,699.3763198850239,181.9422729492187,440.6592964171213,1.0,72
22186.0,Brice Turang,25.0,MIL,2B,1128.85205078125,1232.0,1159.7964111328124,27.0,IF,26,979.8640258789062,681.7481411120664,179.9323852539062,430.8402631829863,1.0,74
15998.0,Cody Bellinger,29.0,,DH,1112.6978759765625,1269.0,1159.5884887695313,28.0,IF,27,979.8640258789062,679.9277584459019,179.7244628906251,429.8261106682635,1.0,75
31347.0,Zach Neto,24.0,LAA,SS,1087.546875,1304.0,1152.4827758789063,29.0,IF,28,979.8640258789062,618.0825060399227,172.6187500000001,395.3506280199614,1.0,78
22799.0,Geraldo Perdomo,25.0,ARI,SS,1108.8031005859375,1248.0,1150.5621704101563,30.0,IF,29,979.8640258789062,601.488434513691,170.69814453125014,386.09328952247057,1.0,81
13624.0,Corey Seager,31.0,TEX,SS,1135.7225341796875,1171.0,1146.3057373046875,31.0,IF,30,979.8640258789062,564.8979458472153,166.44171142578125,365.66982863649827,1.0,83
20454.0,Jazz Chisholm Jr.,27.0,NYY,2B,1073.52783203125,1284.0,1136.669482421875,32.0,IF,31,979.8640258789062,483.0026481600591,156.80545654296884,319.904052351514,1.0,84
26319.0,Michael Busch,27.0,CHC,1B,1136.84765625,1126.0,1133.5933349609375,33.0,IF,32,979.8640258789062,457.13493131683055,153.72930908203125,305.43212019943087,1.0,85
18314.0,Dansby Swanson,31.0,CHC,SS,1097.73828125,1186.0,1124.2168090820312,34.0,IF,33,979.8640258789062,379.1089193499672,144.352783203125,261.7308512765461,1.0,88
27467.0,Tyler Soderstrom,23.0,ATH,1B,1129.9805908203125,1105.0,1122.4863891601562,35.0,IF,34,979.8640258789062,364.84473736347064,142.62236328125005,253.73355032236034,1.0,89
22715.0,Maikel Garcia,25.0,KC,2B,1042.4952392578125,1263.0,1108.6466430664063,36.0,IF,35,979.8640258789062,252.27879978233503,128.78261718750014,190.53070848491757,1.0,96
16505.0,Matt Chapman,32.0,SF,3B,1030.4783935546875,1277.0,1104.4348388671874,37.0,IF,36,979.8640258789062,218.5574766274699,124.5708129882812,171.56414480787555,1.0,99
21479.0,Nico Hoerner,28.0,CHC,2B,1064.2030029296875,1186.0,1100.7420776367187,38.0,IF,37,979.8640258789062,189.19740160454344,120.8780517578125,155.03772668117796,1.0,102
16997.0,Gleyber Torres,28.0,DET,2B,1042.7298583984375,1204.0,1091.110888671875,39.0,IF,38,979.8640258789062,113.52643813453487,111.24686279296884,112.38665046375186,1.0,112
12552.0,Eugenio Suarez,33.0,,DH,1035.7449951171875,1219.0,1090.721484375,40.0,IF,39,979.8640258789062,110.49442392137965,110.85745849609384,110.67594120873675,1.0,113
18882.0,Brandon Lowe,30.0,PIT,2B,1092.1343994140625,1082.0,1089.0940795898437,41.0,IF,40,979.8640258789062,97.84609785748438,109.23005371093745,103.53807578421092,1.0,114
31781.0,Jackson Holliday,21.0,BAL,2B,1090.0067138671875,1069.0,1083.7046997070313,42.0,IF,41,979.8640258789062,56.22573577193911,103.84067382812509,80.0332048000321,1.0,119
20599.0,Ivan Herrera,25.0,STL,C,1058.0225830078125,1092.0,1068.2157836914062,43.0,IF,42,979.8640258789062,-61.11226883079093,88.35175781249995,13.619744490854512,1.0,128
,Kazuma Okamoto,,TOR,3B,1064.0,1064.0,1063.9999877929688,44.0,IF,43,979.8640258789062,-92.46440768949951,84.13596191406259,-4.164222887718459,1.0,131
21636.0,Jeremy Pena,27.0,HOU,SS,999.6567993164062,1210.0,1062.759765625,45.0,IF,44,979.8640258789062,-101.64006416609648,82.8957397460938,-9.372162210001342,1.0,133
25768.0,CJ Abrams,24.0,WSH,SS,1009.1116333007812,1185.0,1061.8781127929688,46.0,IF,45,979.8640258789062,-108.14970595554598,82.01408691406255,-13.067809520741719,1.0,134
27465.0,Spencer Torkelson,25.0,DET,1B,1008.9971923828125,1177.0,1059.3980346679687,47.0,IF,46,979.8640258789062,-126.40252272453702,79.53400878906245,-23.434256967737284,1.0,138
18360.0,Austin Riley,28.0,ATL,3B,933.6232299804688,1306.0,1045.3362548828125,48.0,IF,47,979.8640258789062,-228.25573700271076,65.47222900390625,-81.39175399940225,1.0,149
13419.0,Christian Walker,34.0,HOU,1B,1008.281005859375,1127.0,1043.8966918945312,49.0,IF,48,979.8640258789062,-238.52570333362996,64.03266601562495,-87.2465186590025,1.0,150
27676.0,Vinnie Pasquantino,27.0,KC,1B,955.0303344726562,1219.0,1034.221240234375,50.0,IF,49,979.8640258789062,-306.7937562214259,54.35721435546884,-126.21827093297853,1.0,152
27615.0,Alec Burleson,26.0,STL,1B,999.0712280273438,1107.0,1031.449853515625,51.0,IF,50,979.8640258789062,-326.1051494469435,51.585827636718705,-137.2596609051124,1.0,155
25816.0,Shea Langeliers,27.0,ATH,C,1013.3060302734375,1071.0,1030.614208984375,52.0,IF,51,979.8640258789062,-331.906802492182,50.75018310546875,-140.57830969335663,1.0,156
5417.0,Jose Altuve,35.0,HOU,2B,951.6304321289062,1210.0,1029.1412963867188,53.0,IF,52,979.8640258789062,-342.1088854214715,49.277270507812545,-146.41580745682947,1.0,158
17678.0,Alex Bregman,31.0,,DH,912.6318359375,1292.0,1026.44228515625,54.0,IF,53,979.8640258789062,-360.7241944241299,46.578259277343705,-157.0729675733931,1.0,162
11609.0,Willson Contreras,33.0,BOS,C,992.6256103515625,1101.0,1025.137890625,55.0,IF,54,979.8640258789062,-369.6839338776894,45.27386474609375,-162.20503456579783,1.0,163
29576.0,Ben Rice,26.0,NYY,C,987.6383666992188,1106.0,1023.1468627929687,56.0,IF,55,979.8640258789062,-383.31386748799594,43.2828369140625,-170.01551528696672,1.0,166
26294.0,Bryson Stott,27.0,PHI,2B,972.0662231445312,1129.0,1019.1463500976563,57.0,IF,56,979.8640258789062,-410.53126388667016,39.28232421875009,-185.62446983396003,1.0,171
12564.0,Trevor Story,32.0,BOS,SS,947.4679565429688,1169.0,1013.9275390625,58.0,IF,57,979.8640258789062,-445.69844603715416,34.06351318359384,-205.81746642678016,1.0,173
29715.0,Hunter Goodman,25.0,COL,C,967.150634765625,1117.0,1012.1054321289062,59.0,IF,58,979.8640258789062,-457.8864315987268,32.241406249999955,-212.82251267436342,1.0,175
19608.0,Otto Lopez,26.0,MIA,2B,989.0404663085938,1049.0,1007.0283081054688,60.0,IF,59,979.8640258789062,-491.6003564741807,27.16428222656259,-232.21803712380907,1.0,181
15491.0,J.P. Crawford,30.0,SEA,SS,1003.2125244140625,1011.0,1005.548779296875,61.0,IF,60,979.8640258789062,-501.35663351398057,25.68475341796875,-237.8359400480059,1.0,184
16556.0,Ozzie Albies,28.0,ATL,2B,955.94677734375,1118.0,1004.5627197265625,62.0,IF,61,979.8640258789062,-507.8417626100446,24.698693847656273,-241.57153438119417,1.0,185
29646.0,Caleb Durbin,25.0,MIL,2B,991.1111450195312,1014.0,997.9777709960938,63.0,IF,62,979.8640258789062,-550.7985970504823,18.11374511718759,-266.34242596664734,1.0,192
24679.0,Brendan Donovan,28.0,STL,2B,980.9164428710938,1018.0,992.0414794921875,64.0,IF,63,979.8640258789062,-589.0003997190502,12.177453613281273,-288.41147305288445,1.0,199
10324.0,Marcell Ozuna,34.0,,DH,973.8812866210938,1034.0,991.9169189453125,65.0,IF,64,979.8640258789062,-589.7966666466976,12.052893066406341,-288.87188679014565,1.0,201
19197.0,Will Smith,30.0,LAD,C,986.3984375,1004.0,991.6788818359375,66.0,IF,65,979.8640258789062,-591.3177370025846,11.814855957031341,-289.75144052277665,1.0,202
26546.0,Agustin Ramirez,23.0,MIA,C,992.8645629882812,983.0,989.9051879882812,67.0,IF,66,979.8640258789062,-602.6266075013833,10.041162109375023,-296.29272269600415,1.0,203
33266.0,Jacob Wilson,23.0,ATH,SS,955.8057861328125,1036.0,979.8640258789062,68.0,IF,67,979.8640258789062,-665.8123394541173,0.0,-332.9061697270586,1.0,213
24262.0,Ceddanne Rafaela,24.0,BOS,2B,929.0986328125,1086.0,976.1690185546875,69.0,IF,68,979.8640258789062,-688.7063230306005,-3.69500732421875,-346.20066517740963,1.0,217
12533.0,Marcus Semien,34.0,NYM,2B,887.044189453125,1181.0,975.230908203125,70.0,IF,69,979.8640258789062,-694.4881705415274,-4.63311767578125,-349.56064410865434,1.0,219
21711.0,Oneil Cruz,26.0,PIT,SS,896.2283325195312,1151.0,972.6598022460937,71.0,IF,70,979.8640258789062,-710.271097567133,-7.2042236328125,-358.73766059997274,1.0,222
33189.0,Nolan Schanuel,23.0,LAA,1B,923.3857421875,1075.0,968.8699951171875,72.0,IF,71,979.8640258789062,-733.3653238280712,-10.994030761718705,-372.17967729489493,1.0,226
31539.0,Drake Baldwin,24.0,ATL,C,976.0807495117188,952.0,968.8565307617187,73.0,IF,72,979.8640258789062,-733.4470118848512,-11.007495117187545,-372.2272535010194,1.0,227
22266.0,Xavier Edwards,25.0,MIA,2B,915.4171142578125,1078.0,964.1919921875,74.0,IF,73,979.8640258789062,-761.5930131587805,-15.672033691406227,-388.6325234250934,1.0,233
18568.0,Luis Arraez,28.0,,DH,923.2468872070312,1045.0,959.7728271484375,75.0,IF,74,979.8640258789062,-787.9756877778235,-20.091198730468705,-404.0334432541461,1.0,236
33322.0,Matt Shaw,23.0,CHC,2B,917.1494750976562,1055.0,958.504638671875,76.0,IF,75,979.8640258789062,-795.4960468882474,-21.359387207031205,-408.4277170476393,1.0,238
24598.0,Addison Barger,25.0,TOR,3B,979.4410400390625,885.0,951.1087036132812,77.0,IF,76,979.8640258789062,-838.9026226697777,-28.755322265624955,-433.8289724677013,1.0,247
14162.0,Carlos Correa,30.0,HOU,3B,920.153564453125,1012.0,947.7074829101562,78.0,IF,77,979.8640258789062,-858.605656682712,-32.156542968750045,-445.38109982573104,1.0,250
12161.0,Xander Bogaerts,32.0,SD,2B,867.0557861328125,1127.0,945.0390258789062,79.0,IF,78,979.8640258789062,-873.9497644262766,-34.825000000000045,-454.3873822131383,1.0,252
27479.0,Masyn Winn,23.0,STL,SS,881.6966552734375,1092.0,944.7876220703124,80.0,IF,79,979.8640258789062,-875.3902113212844,-35.076403808593795,-455.2333075649391,1.0,254
21618.0,Alec Bohm,28.0,PHI,1B,887.4977416992188,1055.0,937.7484130859375,81.0,IF,80,979.8640258789062,-915.3607033860275,-42.115612792968705,-478.7381580894981,1.0,256
20178.0,Miguel Vargas,25.0,CWS,1B,874.228271484375,1076.0,934.7597778320312,82.0,IF,81,979.8640258789062,-932.1198818685675,-45.104248046875,-488.61206495772126,1.0,258
18036.0,Jake Cronenworth,31.0,SD,1B,869.877197265625,1078.0,932.3140014648437,83.0,IF,82,979.8640258789062,-945.7412907872769,-47.55002441406248,-496.64565760066967,1.0,261
21837.0,Jonathan Aranda,27.0,TB,1B,857.9287109375,1103.0,931.4501098632812,84.0,IF,83,979.8640258789062,-950.5324759971769,-48.41391601562498,-499.47319600640094,1.0,264
7304.0,Salvador Perez,35.0,KC,C,843.4976196289062,1120.0,926.4483032226562,85.0,IF,84,979.8640258789062,-978.0660980313393,-53.415722656249955,-515.7409103437947,1.0,265
26288.0,Adley Rutschman,27.0,BAL,C,870.3203735351562,1055.0,925.7242431640625,86.0,IF,85,979.8640258789062,-982.0226565849805,-54.139782714843705,-518.0812196499121,1.0,266
16442.0,Ryan O'Hearn,31.0,PIT,1B,875.5902709960938,1007.0,915.0132080078124,87.0,IF,86,979.8640258789062,-1039.689436368242,-64.8508178710938,-552.2701271196679,1.0,267
9218.0,Paul Goldschmidt,37.0,,DH,911.6651000976562,895.0,906.6655883789062,88.0,IF,87,979.8640258789062,-1083.511359024187,-73.19843749999995,-578.3548982620935,1.0,268
20391.0,Luis Garcia Jr.,25.0,WSH,2B,877.024658203125,964.0,903.117236328125,89.0,IF,88,979.8640258789062,-1101.8415939092977,-76.74678955078116,-589.2941917300394,1.0,269
31580.0,Chase Meidroth,23.0,CWS,2B,857.7613525390625,995.0,898.9329223632812,90.0,IF,89,979.8640258789062,-1123.2292179059184,-80.93110351562495,-602.0801607107717,1.0,270
24064.0,Ezequiel Tovar,23.0,COL,SS,775.0765991210938,1187.0,898.6535888671874,91.0,IF,90,979.8640258789062,-1124.648216033673,-81.2104370117188,-602.9293265226959,1.0,271
27815.0,Jordan Westburg,26.0,BAL,2B,770.9285278320312,1182.0,894.2499633789062,92.0,IF,91,979.8640258789062,-1146.8731345466636,-85.61406250000005,-616.2435985233318,1.0,272
29794.0,Kyle Manzardo,24.0,CLE,1B,820.8320922851562,1063.0,893.4824584960937,93.0,IF,92,979.8640258789062,-1150.7187466426242,-86.38156738281248,-618.5501570127183,1.0,273
13152.0,Jorge Polanco,31.0,NYM,2B,828.75732421875,1006.0,881.930126953125,94.0,IF,93,979.8640258789062,-1207.5997209159336,-97.93389892578125,-652.7668099208574,1.0,274
22581.0,Alejandro Kirk,26.0,TOR,C,873.3295288085938,891.0,878.6306884765625,95.0,IF,94,979.8640258789062,-1223.500245382017,-101.23333740234375,-662.3667913921804,1.0,275
20352.0,Ernie Clement,29.0,TOR,1B,824.4932861328125,1003.0,878.045263671875,96.0,IF,95,979.8640258789062,-1226.305483166329,-101.81876220703123,-664.0621226866801,1.0,276
27899.0,Colt Keith,23.0,DET,1B,877.3235473632812,875.0,876.62646484375,97.0,IF,96,979.8640258789062,-1233.084053302098,-103.2375610351562,-668.1608071686271,1.0,277
19755.0,Shohei Ohtani,30.0,LAD,OF,1634.5853271484375,1765.0,1673.709716796875,1.0,OF,1,796.0620971679688,4908.075768386289,877.6476196289062,2892.8616940075976,1.0,1
20123.0,Juan Soto,26.0,NYM,OF,1624.0491943359375,1643.0,1629.73447265625,1.0,OF,2,796.0620971679688,4476.780322486349,833.6723754882813,2655.2263489873153,1.0,2
16478.0,Kyle Schwarber,32.0,PHI,OF,1551.5574951171875,1488.0,1532.4902099609376,2.0,OF,3,796.0620971679688,3580.9724355374133,736.4281127929688,2158.700274165191,1.0,3
15640.0,Aaron Judge,33.0,NYY,OF,1433.006103515625,1721.0,1519.404248046875,3.0,OF,4,796.0620971679688,3466.5161470405556,723.3421508789062,2094.929148959731,1.0,4
18401.0,Ronald Acuna Jr.,27.0,ATL,OF,1344.6148681640625,1536.0,1402.0304077148437,4.0,OF,5,796.0620971679688,2504.504485195627,605.9683105468749,1555.2363978712508,1.0,9
25878.0,Corbin Carroll,24.0,ARI,OF,1331.9522705078125,1510.0,1385.3665771484375,5.0,OF,6,796.0620971679688,2377.3481401038507,589.3044799804687,1483.3263100421598,1.0,10
19709.0,Fernando Tatis Jr.,26.0,SD,OF,1306.977294921875,1516.0,1369.6840942382812,6.0,OF,7,796.0620971679688,2259.8201267506643,573.6219970703124,1416.7210619104883,1.0,13
23697.0,Julio Rodriguez,24.0,SEA,OF,1235.05615234375,1455.0,1301.039306640625,7.0,OF,8,796.0620971679688,1769.800860337652,504.9772094726562,1137.3890349051542,1.0,21
30116.0,Seiya Suzuki,30.0,CHC,OF,1290.7420654296875,1264.0,1282.7194091796875,8.0,OF,9,796.0620971679688,1645.7457277241183,486.6573120117188,1066.2015198679185,1.0,24
19627.0,Brent Rooker,30.0,ATH,OF,1204.12841796875,1371.0,1254.189892578125,9.0,OF,10,796.0620971679688,1458.193647039332,458.1277954101562,958.1607212247441,1.0,27
17919.0,Ian Happ,30.0,CHC,OF,1202.5445556640625,1248.0,1216.1811889648438,10.0,OF,11,796.0620971679688,1218.9947386560646,420.11909179687507,819.5569152264698,1.0,32
25976.0,Riley Greene,24.0,DET,OF,1180.4658203125,1260.0,1204.3260498046875,11.0,OF,12,796.0620971679688,1146.8809943620133,408.2639526367187,777.572473499366,1.0,36
33333.0,Wyatt Langford,23.0,TEX,OF,1147.1727294921875,1297.0,1192.1208740234374,12.0,OF,13,796.0620971679688,1073.876850967499,396.05877685546864,734.9678139114837,1.0,40
29518.0,James Wood,22.0,WSH,OF,1146.6636962890625,1281.0,1186.96455078125,13.0,OF,14,796.0620971679688,1043.4124321639026,390.9024536132812,717.157442888592,1.0,41
11477.0,Christian Yelich,33.0,MIL,OF,1176.503662109375,1179.0,1177.2525512695313,14.0,OF,15,796.0620971679688,986.6414910388352,381.1904541015625,683.9159725701988,1.0,43
12856.0,George Springer,35.0,TOR,OF,1155.3140869140625,1220.0,1174.7198486328125,15.0,OF,16,796.0620971679688,971.9675504414472,378.6577514648437,675.3126509531455,1.0,46
14161.0,Byron Buxton,31.0,MIN,OF,1171.975341796875,1164.0,1169.5827514648438,16.0,OF,17,796.0620971679688,942.3705175031427,373.520654296875,657.9455859000088,1.0,49
19290.0,Randy Arozarena,30.0,SEA,OF,1120.420166015625,1283.0,1169.1941284179688,17.0,OF,18,796.0620971679688,940.1405516403304,373.13203125000007,656.6362914451652,1.0,50
28806.0,Jackson Chourio,21.0,MIL,OF,1107.5296630859375,1313.0,1169.170751953125,18.0,OF,19,796.0620971679688,940.0064552986868,373.1086547851563,656.5575550419215,1.0,51
24617.0,Jarren Duran,28.0,BOS,OF,1159.8992919921875,1185.0,1167.4295043945312,19.0,OF,20,796.0620971679688,930.0309557769632,371.3674072265625,650.6991815017628,1.0,53
12927.0,Brandon Nimmo,32.0,TEX,OF,1127.5526123046875,1200.0,1149.2868041992188,20.0,OF,21,796.0620971679688,827.6144105802836,353.22470703125,590.4195588057668,1.0,58
27769.0,Pete Crow-Armstrong,23.0,CHC,OF,1109.41259765625,1241.0,1148.8888061523437,21.0,OF,22,796.0620971679688,825.3988195066175,352.82670898437493,589.1127642454962,1.0,59
19556.0,Yordan Alvarez,28.0,HOU,OF,1059.1561279296875,1340.0,1143.4093017578125,22.0,OF,23,796.0620971679688,795.031164509708,347.3472045898437,571.1891845497759,1.0,60
17548.0,Taylor Ward,31.0,BAL,OF,1093.1468505859375,1252.0,1140.8027587890624,23.0,OF,24,796.0620971679688,780.6745027678526,344.74066162109364,562.7075821944732,1.0,61
24816.0,Andy Pages,24.0,LAD,OF,1097.1044921875,1167.0,1118.07314453125,24.0,OF,25,796.0620971679688,657.9107549853481,322.01104736328114,489.96090117431464,1.0,65
19326.0,Bryan Reynolds,30.0,PIT,OF,1042.6405029296875,1224.0,1097.0483276367188,25.0,OF,26,796.0620971679688,548.2355328011773,300.98623046875,424.6108816349637,1.0,76
29490.0,Jackson Merrill,22.0,SD,OF,1008.4750366210938,1266.0,1085.7324951171875,26.0,OF,27,796.0620971679688,490.750740879544,289.6703979492187,390.2105694143813,1.0,79
24610.0,Steven Kwan,27.0,CLE,OF,1054.25390625,1151.0,1083.2777221679687,27.0,OF,28,796.0620971679688,478.42302069008747,287.21562499999993,382.8193228450437,1.0,82
22542.0,Lawrence Butler,24.0,ATH,OF,1019.5557861328125,1104.0,1044.8890258789063,28.0,OF,29,796.0620971679688,292.25182065971586,248.82692871093752,270.5393746853267,1.0,86
19522.0,TJ Friedl,29.0,CIN,OF,1052.884521484375,997.0,1036.1191650390624,29.0,OF,30,796.0620971679688,251.46590097913108,240.05706787109364,245.76148442511237,1.0,91
22515.0,Heliot Ramos,25.0,SF,OF,984.3755493164062,1156.0,1035.8628662109375,30.0,OF,31,796.0620971679688,250.28369346286905,239.80076904296868,245.04223125291887,1.0,92
25931.0,Michael Harris II,24.0,ATL,OF,1010.5626831054688,1092.0,1034.9938598632812,31.0,OF,32,796.0620971679688,246.27942815472963,238.9317626953124,242.60559542502102,1.0,93
18564.0,Trent Grisham,28.0,NYY,OF,1002.604736328125,1052.0,1017.4233032226562,32.0,OF,33,796.0620971679688,166.6834530729396,221.3612060546874,194.0223295638135,1.0,95
29622.0,Sal Frelick,25.0,MIL,OF,1048.2908935546875,918.0,1009.2035888671875,33.0,OF,34,796.0620971679688,130.34181391907217,213.1414916992187,171.74165280914542,1.0,98
33824.0,Jung Hoo Lee,26.0,SF,OF,986.9105834960938,1037.0,1001.9374023437499,34.0,OF,35,796.0620971679688,98.69067992695827,205.87530517578114,152.28299255136972,1.0,103
20220.0,Jo Adell,26.0,LAA,OF,930.3558349609375,1168.0,1001.6490844726562,35.0,OF,36,796.0620971679688,97.44397071566446,205.58698730468745,151.51547901017597,1.0,104
20043.0,Luis Robert Jr.,27.0,CWS,OF,906.2655639648438,1137.0,975.4858642578124,36.0,OF,37,796.0620971679688,-12.768327975541947,179.42376708984364,83.32771955715084,1.0,118
31812.0,Roman Anthony,21.0,BOS,OF,877.1105346679688,1194.0,972.1773559570313,37.0,OF,38,796.0620971679688,-26.294038372634827,176.11525878906252,74.91061020821385,1.0,121
13066.0,Teoscar Hernandez,32.0,LAD,OF,875.7408447265625,1193.0,970.9185546875,38.0,OF,39,796.0620971679688,-31.415964756745794,174.8564575195312,71.72024638139271,1.0,122
26151.0,Kyle Stowers,27.0,MIA,OF,912.98193359375,1102.0,969.6873413085937,39.0,OF,40,796.0620971679688,-36.412705798155585,173.6252441406249,68.60626917123466,1.0,123
21454.0,Lars Nootbaar,27.0,STL,OF,919.7860107421875,998.0,943.2502197265625,40.0,OF,41,796.0620971679688,-140.61899040237805,147.1881225585937,3.2845660781078294,1.0,130
31370.0,Jakob Marsee,24.0,MIA,OF,874.6580810546875,1086.0,938.0606201171875,41.0,OF,42,796.0620971679688,-160.38225253315048,141.99852294921868,-9.191864791965898,1.0,132
17128.0,Ramon Laureano,30.0,SD,OF,884.3917846679688,1031.0,928.37421875,42.0,OF,43,796.0620971679688,-196.66255145396096,132.31212158203118,-32.17521493596489,1.0,139
23772.0,Wilyer Abreu,26.0,BOS,OF,888.0751342773438,1005.0,923.152587890625,43.0,OF,44,796.0620971679688,-215.89171111132836,127.09049072265623,-44.40061019433607,1.0,140
31431.0,Jordan Beck,24.0,COL,OF,873.4407958984375,1015.0,915.9085693359375,44.0,OF,45,796.0620971679688,-242.18756119976064,119.84647216796873,-61.170544515895955,1.0,143
10815.0,Jurickson Profar,32.0,ATL,OF,790.123779296875,1201.0,913.3866088867187,45.0,OF,46,796.0620971679688,-251.23839728485277,117.32451171874993,-66.95694278305142,1.0,145
28080.0,Jasson Dominguez,22.0,NYY,OF,880.3313598632812,987.0,912.3319335937499,46.0,OF,47,796.0620971679688,-255.00751274914387,116.26983642578114,-69.36883816168137,1.0,146
20202.0,Brandon Marsh,27.0,PHI,OF,924.44091796875,873.0,909.008642578125,47.0,OF,48,796.0620971679688,-266.82265052510274,112.9465454101562,-76.93805255747327,1.0,148
10155.0,Mike Trout,33.0,LAA,OF,821.637939453125,1092.0,902.7465454101562,48.0,OF,49,796.0620971679688,-288.83276416865226,106.68444824218739,-91.07415796323244,1.0,151
,Chase Delauter,,CLE,OF,886.0,886.0,886.0000122070312,49.0,OF,50,796.0620971679688,-346.06823431842463,89.93791503906243,-128.0651596396811,1.0,153
29995.0,Daylen Lile,22.0,WSH,OF,836.2846069335938,958.0,872.7992309570312,50.0,OF,51,796.0620971679688,-389.51747016360207,76.73713378906245,-156.3901681872698,1.0,161
25961.0,Kerry Carpenter,27.0,DET,OF,840.2130737304688,935.0,868.649169921875,51.0,OF,52,796.0620971679688,-402.8732684836122,72.58707275390623,-165.143097864853,1.0,165
19287.0,Adolis Garcia,32.0,PHI,OF,766.7353515625,1074.0,858.9147216796875,52.0,OF,53,796.0620971679688,-433.6306577703205,62.85262451171877,-185.38901662930087,1.0,170
17929.0,Cedric Mullins,30.0,TB,OF,815.7940673828125,890.0,838.0558471679688,53.0,OF,54,796.0620971679688,-496.8451906781239,41.99374999999998,-227.42572033906197,1.0,180
19918.0,Daulton Varsho,28.0,TOR,OF,710.5867919921875,1082.0,822.0107360839843,54.0,OF,55,796.0620971679688,-542.9732514251378,25.94863891601551,-258.51230625456117,1.0,190
19956.0,Mickey Moniak,27.0,COL,OF,775.572509765625,924.0,820.1007568359375,55.0,OF,56,796.0620971679688,-548.3195745054401,24.038659667968773,-262.14045741873565,1.0,191
25477.0,Isaac Collins,27.0,KC,OF,842.6532592773438,722.0,806.4572998046875,56.0,OF,57,796.0620971679688,-585.6144878446622,10.39520263671875,-287.60964260397174,1.0,198
27790.0,Evan Carter,22.0,TEX,OF,785.8861694335938,825.0,797.6203002929688,57.0,OF,58,796.0620971679688,-608.9326945518276,1.5582031249999773,-303.6872457134138,1.0,205
19238.0,Lourdes Gurriel Jr.,31.0,ARI,OF,844.9458618164062,682.0,796.0620971679688,58.0,OF,59,796.0620971679688,-612.9759954209295,0.0,-306.48799771046475,1.0,206
31349.0,Victor Scott II,24.0,STL,OF,753.6553344726562,882.0,792.1587158203124,59.0,OF,60,796.0620971679688,-623.0147429074455,-3.9033813476563637,-313.4590621275509,1.0,208
22857.0,Wenceel Perez,25.0,DET,OF,753.4662475585938,869.0,788.1263916015625,60.0,OF,61,796.0620971679688,-633.2501135900108,-7.935705566406227,-320.5929095782085,1.0,209
14854.0,Mike Yastrzemski,34.0,ATL,OF,767.7496948242188,822.0,784.0248046875,61.0,OF,62,796.0620971679688,-643.5205544360565,-12.03729248046875,-327.7789234582626,1.0,211
4949.0,Giancarlo Stanton,35.0,NYY,OF,729.4780883789062,892.0,778.2346435546874,62.0,OF,63,796.0620971679688,-657.7775919932504,-17.827453613281364,-337.8025228032659,1.0,215
33541.0,Dylan Crews,23.0,WSH,OF,647.258544921875,1053.0,768.9809631347656,63.0,OF,64,796.0620971679688,-679.9755293155291,-27.08113403320317,-353.52833167436614,1.0,220
26466.0,Matt Wallner,27.0,MIN,OF,689.0145874023438,944.0,765.5102111816407,64.0,OF,65,796.0620971679688,-688.1149389086034,-30.551885986328102,-359.3334124474658,1.0,223
19913.0,Jesus Sanchez,27.0,HOU,OF,720.2291259765625,848.0,758.5603698730469,65.0,OF,66,796.0620971679688,-704.1077916799974,-37.50172729492192,-370.80475948745965,1.0,224
15711.0,Tyler O'Neill,30.0,BAL,OF,750.998779296875,766.0,755.4991577148437,66.0,OF,67,796.0620971679688,-711.0229156200311,-40.56293945312507,-375.7929275365781,1.0,229
29591.0,Colton Cowser,25.0,BAL,OF,643.4813842773438,1002.0,751.0369506835937,67.0,OF,68,796.0620971679688,-720.9611927577034,-45.025146484375114,-382.99316962103927,1.0,230
14551.0,Anthony Santander,30.0,TOR,OF,615.0228271484375,1067.0,750.6159606933593,68.0,OF,69,796.0620971679688,-721.8901538003872,-45.44613647460949,-383.66814513749836,1.0,231
17901.0,Andrew Benintendi,30.0,CWS,OF,685.5357666015625,900.0,749.8750305175781,69.0,OF,70,796.0620971679688,-723.5214664803098,-46.18706665039065,-384.8542665653502,1.0,232
14221.0,Jorge Soler,33.0,LAA,OF,639.2457275390625,995.0,745.9720153808594,70.0,OF,71,796.0620971679688,-732.0383060964183,-50.0900817871094,-391.06419394176385,1.0,234
27475.0,Jordan Walker,23.0,STL,OF,674.9427490234375,911.0,745.7599304199218,71.0,OF,72,796.0620971679688,-732.4974187029093,-50.30216674804694,-391.3997927254781,1.0,235
19953.0,Josh Lowe,27.0,TB,OF,675.5806274414062,882.0,737.5064331054687,72.0,OF,73,796.0620971679688,-750.0694847610872,-58.555664062500114,-404.31257441179366,1.0,237
,Carson Benge,,NYM,OF,731.0,731.0,730.9999816894531,73.0,OF,74,796.0620971679688,-763.5168768127796,-65.0621154785157,-414.28949614564766,1.0,239
21501.0,Trevor Larnach,28.0,MIN,OF,702.264404296875,775.0,724.0850830078125,74.0,OF,75,796.0620971679688,-777.4169199449864,-71.97701416015627,-424.6969670525713,1.0,240
,Justin Crawford,,PHI,OF,724.0,724.0,723.9999877929688,75.0,OF,76,796.0620971679688,-777.5854619341818,-72.06210937499998,-424.8237856545909,1.0,241
25479.0,Brenton Doyle,27.0,COL,OF,563.3248291015625,1084.0,719.5273620605469,76.0,OF,77,796.0620971679688,-786.358074427201,-76.53473510742185,-431.44640476731144,1.0,243
26438.0,Dominic Canzone,27.0,SEA,OF,677.41259765625,764.0,703.3888122558594,77.0,OF,78,796.0620971679688,-816.6089826262831,-92.67328491210935,-454.64113376919624,1.0,253
31695.0,Dylan Beavers,23.0,BAL,OF,658.746337890625,752.0,686.7224365234375,78.0,OF,79,796.0620971679688,-845.5427880888332,-109.33966064453125,-477.4412243666822,1.0,255
31912.0,Chandler Simpson,24.0,TB,OF,670.9016723632812,714.0,683.8311645507813,79.0,OF,80,796.0620971679688,-850.3236575284826,-112.23093261718748,-481.27729507283505,1.0,257
20308.0,Jake Meyers,29.0,HOU,OF,621.1819458007812,805.0,676.3273620605469,80.0,OF,81,796.0620971679688,-862.4025240096494,-119.7347351074219,-491.06862955853563,1.0,259
24878.0,Heriberto Hernandez,25.0,MIA,OF,660.3710327148438,701.0,672.5597045898437,81.0,OF,82,796.0620971679688,-868.2881678091454,-123.50239257812507,-495.89528019363524,1.0,260
26467.0,Luis Matos,23.0,SF,OF,688.189453125,632.0,671.3326049804688,82.0,OF,83,796.0620971679688,-870.179224501762,-124.7294921875,-497.454358344631,1.0,262
23800.0,Parker Meadows,25.0,DET,OF,580.0535278320312,879.0,669.7374755859375,83.0,OF,84,796.0620971679688,-872.618452464398,-126.32462158203123,-499.47153702321464,1.0,263
27463.0,Garrett Crochet,26.0,BOS,SP,969.783203125,1171.3,1030.2382421875,1.0,P,1,642.0180517578124,3253.3206774321984,388.2201904296876,1820.770433930943,1.0,7
17295.0,Framber Valdez,31.0,,SP,934.2210083007812,934.8,934.3947058105468,2.0,P,2,642.0180517578124,2059.255717583838,292.37665405273447,1175.8161858182862,1.0,20
22267.0,Tarik Skubal,28.0,DET,SP,806.6343994140625,1184.8,920.0840795898437,3.0,P,3,642.0180517578124,1896.6577437996716,278.0660278320313,1087.3618858158516,1.0,23
18525.0,Dylan Cease,29.0,TOR,SP,836.099609375,1055.9,902.0397265624999,4.0,P,4,642.0180517578124,1697.4481924678842,260.02167480468756,978.7349336362859,1.0,25
12768.0,Sonny Gray,35.0,BOS,SP,866.87548828125,910.3,879.902841796875,5.0,P,5,642.0180517578124,1461.9107715141513,237.88479003906264,849.897780776607,1.0,30
25880.0,Hunter Brown,26.0,HOU,SP,833.9971923828125,980.7,878.0080346679688,6.0,P,6,642.0180517578124,1442.2031850517726,235.9899829101564,839.0965839809645,1.0,31
21846.0,Cole Ragans,27.0,KC,SP,808.0439453125,1019.4000000000001,871.4507617187498,7.0,P,7,642.0180517578124,1374.553693659543,229.43270996093747,801.9932018102402,1.0,33
13743.0,Max Fried,31.0,NYY,SP,835.342529296875,954.8,871.1797705078125,8.0,P,8,642.0180517578124,1371.776373844599,229.1617187500001,800.4690462972995,1.0,34
19959.0,Jesus Luzardo,27.0,PHI,SP,817.7760009765625,987.0,868.5432006835936,9.0,P,9,642.0180517578124,1344.831146718317,226.5251489257812,785.6781478220491,1.0,35
30279.0,Bryan Woo,25.0,SEA,SP,812.2413940429688,987.3,864.758975830078,10.0,P,10,642.0180517578124,1306.3989613917856,222.74092407226567,764.5699427320257,1.0,37
19291.0,Zac Gallen,29.0,,SP,841.4866333007812,911.5,862.4906433105468,11.0,P,11,642.0180517578124,1283.4986733954477,220.47259155273446,751.9856324740911,1.0,38
33677.0,Paul Skenes,23.0,PIT,SP,721.9771728515625,1147.4,849.6040209960938,12.0,P,12,642.0180517578124,1155.3437750716541,207.58596923828145,681.4648721549678,1.0,44
17995.0,Logan Webb,28.0,SF,SP,781.9509887695312,1004.3,848.6556921386718,13.0,P,13,642.0180517578124,1146.0434258872244,206.63764038085947,676.340533134042,1.0,45
14107.0,Kevin Gausman,34.0,TOR,SP,829.2510375976562,886.3,846.3657263183593,14.0,P,14,642.0180517578124,1123.659330611538,204.34767456054692,664.0035025860425,1.0,47
20778.0,Cristopher Sanchez,28.0,PHI,SP,775.2830810546875,1001.3,843.0881567382812,15.0,P,15,642.0180517578124,1091.8031811190556,201.07010498046884,646.4366430497622,1.0,54
21390.0,Joe Ryan,29.0,MIN,SP,792.03173828125,952.3,840.1122167968749,16.0,P,16,642.0180517578124,1063.063941917606,198.09416503906255,630.5790534783342,1.0,55
22182.0,Hunter Greene,25.0,CIN,SP,739.438720703125,1012.5999999999999,821.3871044921874,17.0,P,17,642.0180517578124,886.2765542105086,179.36905273437503,532.8228034724418,1.0,63
22250.0,Logan Gilbert,28.0,SEA,SP,766.31298828125,914.5,810.769091796875,18.0,P,18,642.0180517578124,789.1310728244111,168.75104003906267,478.9410564317369,1.0,66
18679.0,Freddy Peralta,29.0,MIL,SP,741.3953247070312,969.0999999999999,809.7067272949218,19.0,P,19,642.0180517578124,779.534884778106,167.68867553710948,473.6117801576077,1.0,67
22201.0,MacKenzie Gore,26.0,WSH,SP,744.9107666015625,942.2,804.0975366210937,20.0,P,20,642.0180517578124,729.2403462137969,162.07948486328132,445.6599155385391,1.0,69
17479.0,Jack Flaherty,29.0,DET,SP,775.382080078125,868.7,803.3774560546875,21.0,P,21,642.0180517578124,722.8291430867502,161.35940429687514,442.09427369181265,1.0,70
10310.0,Zack Wheeler,35.0,PHI,SP,837.201171875,723.9,803.2108203124999,22.0,P,22,642.0180517578124,721.3469804089318,161.19276855468752,441.26987448180967,1.0,71
10603.0,Chris Sale,36.0,ATL,SP,716.9658203125,997.8,801.21607421875,23.0,P,23,642.0180517578124,703.647373363418,159.19802246093764,431.4226979121778,1.0,73
15689.0,Luis Castillo,32.0,SEA,SP,763.4320678710938,865.3,793.9924475097655,24.0,P,24,642.0180517578124,640.2141340854549,151.97439575195312,396.094264918704,1.0,77
25436.0,George Kirby,27.0,SEA,SP,746.608642578125,898.0,792.0260498046874,25.0,P,25,642.0180517578124,623.126370414767,150.00799804687506,386.56718423082106,1.0,80
22264.0,Shane Baz,26.0,BAL,SP,754.9883422851562,794.9000000000001,766.9618395996093,26.0,P,26,642.0180517578124,412.06495973710264,124.94378784179696,268.5043737894498,1.0,87
16149.0,Aaron Nola,32.0,PHI,SP,715.1167602539062,874.3,762.8717321777343,27.0,P,27,642.0180517578124,378.80978469401293,120.85368041992194,249.83173255696744,1.0,90
20633.0,Yusei Kikuchi,34.0,LAA,SP,714.1582641601562,864.2,759.1707849121094,28.0,P,28,642.0180517578124,349.0057359498607,117.15273315429704,233.07923455207887,1.0,94
30134.0,Tanner Bibee,26.0,CLE,SP,701.7353515625,854.0,747.41474609375,29.0,P,29,642.0180517578124,256.1420465138632,105.39669433593758,180.7693704249004,1.0,97
13543.0,Blake Snell,32.0,LAD,SP,659.7581176757812,939.4000000000001,743.6506823730468,30.0,P,30,642.0180517578124,226.99030977888592,101.63263061523446,164.3114701970602,1.0,100
,Joe Musgrove,,SD,SP,742.4000000000001,742.4000000000001,742.4000000000001,31.0,P,31,642.0180517578124,217.3665139798841,100.38194824218772,158.8742311110359,1.0,101
,Shane Mcclanahan,,TB,SP,739.8,739.8,739.7999999999998,32.0,P,32,642.0180517578124,197.45959408540062,97.78194824218747,147.62077116379405,1.0,105
26378.0,Nick Lodolo,27.0,CIN,SP,727.8328857421875,764.4000000000001,738.8030200195312,33.0,P,33,642.0180517578124,189.8619042309981,96.78496826171886,143.32343624635848,1.0,106
20302.0,David Peterson,29.0,NYM,SP,692.084716796875,847.2,738.6193017578124,34.0,P,34,642.0180517578124,188.4640007482145,96.60125000000005,142.53262537410728,1.0,107
30182.0,Will Warren,26.0,NYY,SP,769.8877563476562,662.4000000000001,737.6414294433594,35.0,P,35,642.0180517578124,181.03472322799422,95.62337768554698,138.3290504567706,1.0,108
26221.0,Ryan Pepiot,27.0,TB,SP,687.7098388671875,849.8,736.3368872070312,36.0,P,36,642.0180517578124,171.15324393921145,94.3188354492188,132.73603969421512,1.0,109
27498.0,Spencer Strider,26.0,ATL,SP,673.070556640625,883.9000000000001,736.3193896484374,37.0,P,37,642.0180517578124,171.02093592833285,94.30133789062506,132.66113690947896,1.0,110
9132.0,Nathan Eovaldi,35.0,TEX,SP,676.7431030273438,865.3,733.3101721191406,38.0,P,38,642.0180517578124,148.35735786173422,91.29212036132822,119.82473911153122,1.0,111
,Trey Yesavage,,TOR,SP,729.0,729.0,729.0,39.0,P,39,642.0180517578124,116.20980532486226,86.98194824218763,101.59587678352494,1.0,115
19853.0,Michael King,30.0,SD,SP,657.950439453125,891.7,728.0753076171875,40.0,P,40,642.0180517578124,109.36114057038068,86.05725585937512,97.7091982148779,1.0,116
15454.0,Nick Pivetta,32.0,SD,SP,611.3556518554688,990.5999999999999,725.128956298828,41.0,P,41,642.0180517578124,87.6527366273229,83.11090454101566,85.38182058416928,1.0,117
,Cody Ponce,,TOR,SP,723.5999999999999,723.5999999999999,723.5999999999999,42.0,P,42,642.0180517578124,76.45565724402594,81.58194824218754,79.01880274310673,1.0,120
,Tatsuya Imai,,HOU,SP,717.0,717.0,717.0,43.0,P,43,642.0180517578124,28.655584017143205,74.98194824218763,51.81876612966542,1.0,124
12304.0,Chris Bassitt,36.0,,SP,695.7420043945312,764.3,716.3094030761719,44.0,P,44,642.0180517578124,23.704095781659937,74.29135131835949,48.99772355000971,1.0,125
33825.0,Yoshinobu Yamamoto,26.0,LAD,SP,642.3345336914062,883.5,714.6841735839844,45.0,P,45,642.0180517578124,12.088879233341434,72.666121826172,42.377500529756716,1.0,126
17085.0,Pablo Lopez,29.0,MIN,SP,634.8448486328125,886.0,710.1913940429688,46.0,P,46,642.0180517578124,-19.746595652603588,68.17334228515642,24.213373316276417,1.0,127
27782.0,Brandon Pfaadt,26.0,ARI,SP,681.1654663085938,765.2,706.3758264160156,47.0,P,47,642.0180517578124,-46.46785969929623,64.3577746582032,8.944957479453485,1.0,129
17594.0,Mitch Keller,29.0,PIT,SP,668.5090942382812,773.5999999999999,700.0363659667968,48.0,P,48,642.0180517578124,-90.22371260329749,58.01831420898441,-16.10269919715654,1.0,135
16137.0,Carlos Rodon,32.0,NYY,SP,639.4002075195312,840.5,699.7301452636718,49.0,P,49,642.0180517578124,-92.31703506882957,57.71209350585946,-17.302470781485056,1.0,136
,Cam Schlittler,,NYY,SP,699.3,699.3,699.3,50.0,P,50,642.0180517578124,-95.25435214940227,57.28194824218758,-18.986201953607342,1.0,137
14374.0,Tyler Glasnow,31.0,LAD,SP,634.0802001953125,823.4000000000001,690.8761401367187,51.0,P,51,642.0180517578124,-152.03566015454035,48.85808837890636,-51.588785887817,1.0,141
15873.0,Sean Manaea,33.0,NYM,SP,656.5625,763.7,688.7037499999999,52.0,P,52,642.0180517578124,-166.44960301995843,46.68569824218753,-59.88195238888545,1.0,142
18684.0,Sandy Alcantara,29.0,MIA,SP,634.6610717773438,812.0,687.8627502441406,53.0,P,53,642.0180517578124,-172.00446322742266,45.844698486328184,-63.07988237054724,1.0,144
12447.0,Seth Lugo,35.0,KC,SP,679.7708740234375,695.0999999999999,684.3696118164062,54.0,P,54,642.0180517578124,-194.92618265577798,42.351560058593805,-76.28731129859209,1.0,147
22543.0,Taj Bradley,24.0,MIN,SP,710.1890869140625,575.9,669.9023608398437,55.0,P,55,642.0180517578124,-287.27289361469605,27.884309082031336,-129.69429226633235,1.0,154
21318.0,Tylor Megill,29.0,,SP,666.4760131835938,666.4760131835938,666.4760131835938,56.0,P,56,642.0180517578124,-308.5335472109435,24.457961425781377,-142.03779289258105,1.0,157
,Grayson Rodriguez,,LAA,SP,664.5999999999999,664.5999999999999,664.5999999999999,57.0,P,57,642.0180517578124,-320.0752880729914,22.581948242187536,-148.74666991540192,1.0,159
19350.0,Dean Kremer,29.0,BAL,SP,660.000244140625,671.7,663.5101708984375,58.0,P,58,642.0180517578124,-326.7480388420804,21.492119140625164,-152.62795985072762,1.0,160
27768.0,Eury Perez,22.0,MIA,SP,594.427978515625,814.5,660.4495849609375,59.0,P,59,642.0180517578124,-345.36080197925367,18.431533203125127,-163.46463438806427,1.0,164
25377.0,Brady Singer,28.0,CIN,SP,597.155029296875,791.0,655.3085205078124,60.0,P,60,642.0180517578124,-376.2061676336433,13.29046875000006,-181.45784944182162,1.0,167
22100.0,Jose Soriano,26.0,LAA,SP,573.50390625,846.0999999999999,655.2827343749999,61.0,P,61,642.0180517578124,-376.35955315202744,13.264682617187532,-181.54743526741996,1.0,168
20492.0,Casey Mize,28.0,DET,SP,627.6411743164062,718.7,654.9588220214844,62.0,P,62,642.0180517578124,-378.28517695854947,12.940770263671993,-182.67220334743874,1.0,169
,Gerrit Cole,,NYY,SP,649.9000000000001,649.9000000000001,649.9000000000001,63.0,P,63,642.0180517578124,-408.08828400209296,7.881948242187718,-200.10316787995262,1.0,172
11156.0,Merrill Kelly,36.0,ARI,SP,569.989013671875,824.2,646.2523095703125,64.0,P,64,642.0180517578124,-429.26185731885886,4.234257812500118,-212.51379975317937,1.0,174
22286.0,Trevor Rogers,27.0,BAL,SP,592.8672485351562,770.3,646.0970739746093,65.0,P,65,642.0180517578124,-430.1570697811829,4.079022216796943,-213.03902378219297,1.0,176
11486.0,Robbie Ray,33.0,SF,SP,531.7230834960938,907.4000000000001,644.4261584472656,66.0,P,66,642.0180517578124,-439.76253155626466,2.408106689453234,-218.6772124334057,1.0,177
21690.0,Edward Cabrera,27.0,CHC,SP,609.5156860351562,721.9000000000001,643.2309802246094,67.0,P,67,642.0180517578124,-446.5990631954793,1.2129284667970524,-222.69306736434112,1.0,178
10954.0,Jacob deGrom,37.0,TEX,SP,488.897216796875,999.3,642.0180517578124,68.0,P,68,642.0180517578124,-453.50805463467066,0.0,-226.75402731733533,1.0,179
30122.0,Gavin Williams,25.0,CLE,SP,532.9578857421875,888.5,639.6205200195312,69.0,P,69,642.0180517578124,-467.0785328633337,-2.3975317382811454,-234.73803230080742,1.0,182
15823.0,Zack Littell,29.0,,SP,609.5765991210938,709.4000000000001,639.5236193847657,70.0,P,70,642.0180517578124,-467.62460266648833,-2.4944323730467204,-235.05951751976752,1.0,183
29837.0,Bryce Miller,26.0,SEA,SP,637.2474975585938,635.5,636.7232482910156,71.0,P,71,642.0180517578124,-483.3249389531541,-5.294803466796793,-244.30987120997546,1.0,186
,Reynaldo Lopez,,ATL,SP,636.4,636.4,636.4,72.0,P,72,642.0180517578124,-485.1271866739513,-5.618051757812395,-245.37261921588185,1.0,187
31846.0,Spencer Schwellenbach,25.0,ATL,SP,552.5687255859375,828.7,635.4081079101562,73.0,P,73,642.0180517578124,-490.6444257333858,-6.6099438476561545,-248.62718479052097,1.0,188
16256.0,Kyle Freeland,32.0,COL,SP,628.8101806640625,648.7,634.7771264648437,74.0,P,74,642.0180517578124,-494.1439652215032,-7.2409252929686545,-250.69244525723593,1.0,189
13774.0,Zach Eflin,31.0,BAL,SP,642.5786743164062,591.9000000000001,627.3750720214844,75.0,P,75,642.0180517578124,-534.6052702138487,-14.642979736328016,-274.62412497508836,1.0,193
24586.0,Kyle Bradish,28.0,BAL,SP,550.4033203125,805.0999999999999,626.81232421875,76.0,P,76,642.0180517578124,-537.6367630258251,-15.205727539062423,-276.42124528244375,1.0,194
19479.0,Aaron Civale,30.0,,SP,632.0333862304688,614.5,626.7733703613281,77.0,P,77,642.0180517578124,-537.8463721068318,-15.244681396484225,-276.54552675165803,1.0,195
27468.0,Reid Detmers,25.0,LAA,SP,587.5438232421875,713.2,625.2406762695313,78.0,P,78,642.0180517578124,-546.0697581139261,-16.77737548828111,-281.4235668011036,1.0,196
19716.0,Dustin May,27.0,STL,SP,604.7097778320312,668.2,623.7568444824219,79.0,P,79,642.0180517578124,-553.9864297261786,-18.26120727539046,-286.1238185007845,1.0,197
,Foster Griffin,,WSH,RP,622.9000000000001,622.9000000000001,622.9000000000001,80.0,P,80,642.0180517578124,-558.5379797648327,-19.11805175781228,-288.8280157613225,1.0,200
15890.0,Luis Severino,31.0,ATH,SP,567.7941284179688,739.4000000000001,619.2758898925781,81.0,P,81,642.0180517578124,-577.6275772309623,-22.742161865234266,-300.1848695480983,1.0,204
26253.0,Ryne Nelson,27.0,ARI,SP,581.2694091796875,698.9000000000001,616.5585864257812,82.0,P,82,642.0180517578124,-591.7691544700606,-25.459465332031186,-308.6143099010459,1.0,207
31623.0,Jacob Misiorowski,23.0,MIL,SP,552.8706665039062,748.8,611.6494665527343,83.0,P,83,642.0180517578124,-616.9448777223914,-30.368585205078034,-323.65673146373473,1.0,210
16162.0,Brandon Woodruff,32.0,MIL,SP,511.0749206542969,839.5999999999999,609.6324444580077,84.0,P,84,642.0180517578124,-627.1498342842314,-32.38560729980463,-329.767720792018,1.0,212
33703.0,Nolan McLean,23.0,NYM,SP,533.9951171875,779.5999999999999,607.67658203125,85.0,P,85,642.0180517578124,-636.9680144759724,-34.34146972656242,-335.6547421012674,1.0,214
31687.0,Shane Smith,25.0,CWS,SP,547.5764770507812,738.5999999999999,604.8835339355468,86.0,P,86,642.0180517578124,-650.856735339759,-37.13451782226559,-343.9956265810123,1.0,216
14078.0,Michael Wacha,33.0,KC,SP,567.601806640625,685.7,603.0312646484375,87.0,P,87,642.0180517578124,-659.9816910919626,-38.98678710937486,-349.48423910066873,1.0,218
15440.0,Matthew Boyd,34.0,CHC,SP,498.35235595703125,840.0999999999999,600.8766491699218,88.0,P,88,642.0180517578124,-670.5101818251218,-41.141402587890525,-355.82579220650615,1.0,221
11674.0,Jameson Taillon,33.0,CHC,SP,561.7576904296875,674.0999999999999,595.4603833007811,89.0,P,89,642.0180517578124,-696.5685110603823,-46.55766845703124,-371.5630897587068,1.0,225
19427.0,Shane Bieber,30.0,TOR,SP,544.2758178710938,711.5,594.4430725097657,90.0,P,90,642.0180517578124,-701.397773710219,-47.5749792480467,-374.48637647913284,1.0,228
13649.0,Clay Holmes,32.0,NYM,SP,493.2601318359375,767.8,575.6220922851562,91.0,P,91,642.0180517578124,-787.0261418055777,-66.39595947265616,-426.71105063911693,1.0,242
24968.0,Reese Olson,25.0,DET,SP,544.56689453125,641.8,573.736826171875,92.0,P,92,642.0180517578124,-795.2148332989103,-68.28122558593736,-431.74802944242384,1.0,244
31827.0,Zebby Matthews,25.0,MIN,SP,568.4873046875,585.5,573.5911132812499,93.0,P,93,642.0180517578124,-795.8447945016662,-68.42693847656244,-432.13586648911433,1.0,245
19867.0,Griffin Canning,29.0,,SP,570.8983764648438,579.0999999999999,573.3588635253906,94.0,P,94,642.0180517578124,-796.8480071778267,-68.6591882324218,-432.75359770512426,1.0,246
15474.0,Lucas Giolito,30.0,,SP,498.65826416015625,741.9000000000001,571.6307849121093,95.0,P,95,642.0180517578124,-804.2787970418636,-70.38726684570304,-437.33303194378334,1.0,248
33527.0,Hurston Waldrep,23.0,ATL,SP,537.8562622070312,640.8,568.7393835449218,96.0,P,96,642.0180517578124,-816.5789608637116,-73.27866821289058,-444.9288145383011,1.0,249
30113.0,Chad Patrick,26.0,MIL,SP,531.6300048828125,647.5,566.3910034179687,97.0,P,97,642.0180517578124,-826.4466057940831,-75.62704833984367,-451.0368270669634,1.0,251
